Item,Category,Price,Supermarket RRP,RRP Difference,On Sale,Sale Note
Crisps,Snacks,0.35,,"=IF(OR(C2="" ,D2=""),"",ROUND(D2-C2,2))",No,
Dandies Marshmallows,Vegan,1.20,3.15,"=IF(OR(C3="" ,D3=""),"",ROUND(D3-C3,2))",No,
OMV Salted Caramel Fudge & Honeycomb Choc Slab,Vegan,1.50,2.50,"=IF(OR(C4="" ,D4=""),"",ROUND(D4-C4,2))",No,
Sweet Freedom Vegan Honeee,Vegan,1.50,3.30,"=IF(OR(C5="" ,D5=""),"",ROUND(D5-C5,2))",No,
Graze - Chilli & Lime,Snacks,1.50,2.50,"=IF(OR(C6="" ,D6=""),"",ROUND(D6-C6,2))",No,
Graze - Smokey BBQ Crunch,Snacks,1.50,2.50,"=IF(OR(C7="" ,D7=""),"",ROUND(D7-C7,2))",No,
Graze - Teriyaki,Snacks,1.50,2.50,"=IF(OR(C8="" ,D8=""),"",ROUND(D8-C8,2))",No,
Border Dark Chocolate Ginger Bar,Snacks,0.30,,"=IF(OR(C9="" ,D9=""),"",ROUND(D9-C9,2))",No,
Border Milk Chocolate Ginger Bar,Snacks,0.30,,"=IF(OR(C10="" ,D10=""),"",ROUND(D10-C10,2))",No,
Dairy Milk 110g,Chocolate,1.30,,"=IF(OR(C11="" ,D11=""),"",ROUND(D11-C11,2))",No,
Galaxy Hazelnut Praline DAIRY/GLUTEN FREE 100g,Vegan,1.00,,"=IF(OR(C12="" ,D12=""),"",ROUND(D12-C12,2))",No,
Rowntree Fruit Pastilles,Sweets,1.00,,"=IF(OR(C13="" ,D13=""),"",ROUND(D13-C13,2))",No,
Fruity Gems,Sweets,0.50,,"=IF(OR(C14="" ,D14=""),"",ROUND(D14-C14,2))",No,
Haribo Starmix,Sweets,1.20,,"=IF(OR(C15="" ,D15=""),"",ROUND(D15-C15,2))",No,
Mars Bar,Chocolate,0.60,,"=IF(OR(C16="" ,D16=""),"",ROUND(D16-C16,2))",No,
Dairy Milk 850g,Chocolate,10.00,,"=IF(OR(C17="" ,D17=""),"",ROUND(D17-C17,2))",No,
Caramel Nougat,Chocolate,0.40,,"=IF(OR(C18="" ,D18=""),"",ROUND(D18-C18,2))",No,
Peanut Nougat,Chocolate,0.40,,"=IF(OR(C19="" ,D19=""),"",ROUND(D19-C19,2))",No,
Lion Bar - White,Chocolate,0.55,,"=IF(OR(C20="" ,D20=""),"",ROUND(D20-C20,2))",No,
Terry's Chocolate Caramel Orange,Chocolate,1.75,,"=IF(OR(C21="" ,D21=""),"",ROUND(D21-C21,2))",No,
Coke Original,Drinks,0.65,,"=IF(OR(C22="" ,D22=""),"",ROUND(D22-C22,2))",No,
Diet Coke,Drinks,0.55,,"=IF(OR(C23="" ,D23=""),"",ROUND(D23-C23,2))",No,
Coke Zero,Drinks,0.55,,"=IF(OR(C24="" ,D24=""),"",ROUND(D24-C24,2))",No,
Pepsi Max,Drinks,0.55,,"=IF(OR(C25="" ,D25=""),"",ROUND(D25-C25,2))",No,
Pepsi Gingerbread,Drinks,0.55,,"=IF(OR(C26="" ,D26=""),"",ROUND(D26-C26,2))",No,
Fanta,Drinks,0.55,,"=IF(OR(C27="" ,D27=""),"",ROUND(D27-C27,2))",No,
Red Bull,Drinks,1.25,,"=IF(OR(C28="" ,D28=""),"",ROUND(D28-C28,2))",No,
Red Thunder,Drinks,0.60,,"=IF(OR(C29="" ,D29=""),"",ROUND(D29-C29,2))",No,
Lavazza Coffee Espresso Passionale or Rossa,Drinks,0.35,,"=IF(OR(C30="" ,D30=""),"",ROUND(D30-C30,2))",No,
Costa Coffee Ground Coffee,Drinks,2.99,3.98,"=IF(OR(C31="" ,D31=""),"",ROUND(D31-C31,2))",No,
Caffé Nero Nesspresso Coffee Pods,Drinks,2.00,4.50,"=IF(OR(C32="" ,D32=""),"",ROUND(D32-C32,2))",No,
Galaxy Mocha Frappe,Drinks,1.50,4.00,"=IF(OR(C33="" ,D33=""),"",ROUND(D33-C33,2))",No,
Nescafe Decaf Cappuccino,Drinks,2.00,2.32,"=IF(OR(C34="" ,D34=""),"",ROUND(D34-C34,2))",No,
Nescafe Gold Blend Vanilla,Drinks,4.00,5.70,"=IF(OR(C35="" ,D35=""),"",ROUND(D35-C35,2))",No,
Douwe Egberts,Drinks,12.00,15.00,"=IF(OR(C36="" ,D36=""),"",ROUND(D36-C36,2))",No,
Monin Le Concentrate Cold Brew,Drinks,2.99,,"=IF(OR(C37="" ,D37=""),"",ROUND(D37-C37,2))",No,
Millions Cola Squash,Drinks,0.29,,"=IF(OR(C38="" ,D38=""),"",ROUND(D38-C38,2))",No,
Fry Light,Stock Cupboard,1.50,2.25,"=IF(OR(C39="" ,D39=""),"",ROUND(D39-C39,2))",No,
Quaker Oat So Simple Original,Stock Cupboard,0.60,,"=IF(OR(C40="" ,D40=""),"",ROUND(D40-C40,2))",No,
Quaker Oat So Simple Original - Gluten Free,Stock Cupboard,0.65,,"=IF(OR(C41="" ,D41=""),"",ROUND(D41-C41,2))",No,
Prymat Majoram Herbs,Stock Cupboard,0.30,,"=IF(OR(C42="" ,D42=""),"",ROUND(D42-C42,2))",No,
Heinz Tomato Ketchup - Sweet Sriracha,Stock Cupboard,1.99,3.38,"=IF(OR(C43="" ,D43=""),"",ROUND(D43-C43,2))",No,
Fillipo Berrio Truffle Glaze,Stock Cupboard,1.75,3.98,"=IF(OR(C44="" ,D44=""),"",ROUND(D44-C44,2))",No,
Mazetti Blanco Speciale,Stock Cupboard,2.20,8.94,"=IF(OR(C45="" ,D45=""),"",ROUND(D45-C45,2))",No,
Naked,Stock Cupboard,0.75,,"=IF(OR(C46="" ,D46=""),"",ROUND(D46-C46,2))",No,
Cheesey Pasta,Stock Cupboard,0.60,,"=IF(OR(C47="" ,D47=""),"",ROUND(D47-C47,2))",No,
Crosta Mollica - Oregano Crostini,Stock Cupboard,1.50,,"=IF(OR(C48="" ,D48=""),"",ROUND(D48-C48,2))",No,
YumSu Instant Noodles,Stock Cupboard,0.50,,"=IF(OR(C49="" ,D49=""),"",ROUND(D49-C49,2))",No,
Crayola Clicks Highlighters 4 Pack,Stationery,2.00,4.50,"=IF(OR(C50="" ,D50=""),"",ROUND(D50-C50,2))",No,
Indoor/Outdoor Golf,Toys & Games,4.00,10.00,"=IF(OR(C51="" ,D51=""),"",ROUND(D51-C51,2))",No,
Maynards Jelly Babies,Sweets,1.00,1.20,"=IF(OR(C52="" ,D52=""),"",ROUND(D52-C52,2))",No,
Maynards Liquorice Allsorts,Sweets,1.00,1.20,"=IF(OR(C53="" ,D53=""),"",ROUND(D53-C53,2))",No,
Maynards Wine Gums,Sweets,1.00,1.20,"=IF(OR(C54="" ,D54=""),"",ROUND(D54-C54,2))",No,
Sharpie S-Gel Pens 3 pack,Stationery,2.50,6.50,"=IF(OR(C55="" ,D55=""),"",ROUND(D55-C55,2))",No,
